{
  "project_info": {
    "project_number": "1037611764844",
    "project_id": "armony-8fc3a",
    "storage_bucket": "armony-8fc3a.firebasestorage.app"
  },
  "client": [
    {
      "client_info": {
        "mobilesdk_app_id": "1:1037611764844:android:b2c8cbba62054198881c49",
        "android_client_info": {
          "package_name": "com.example.perfildealumno"
        }
      },
      "oauth_client": [],
      "api_key": [
        {
          "current_key": "AIzaSyBeQSvlqgUKoIEAeR-JU1ZdeIySLpkbclY"
        }
      ],
      "services": {
        "appinvite_service": {
          "other_platform_oauth_client": []
        }
      }
    }
  ],
  "configuration_version": "1"
}